IPN,MPN,Manufacturer,Series,Type,Resistance,Taper,Value,Turns,Gangs,Switch,Switch Type,Adjustment Type,Description,Shaft Diameter,Length,Width,Height,Footprint,Symbol,Mounting Type,Material,Tolerance,Datasheet
POT-0001-0001,,,,Rotary,1k,Linear,B1k,1,1,None,N/A,Top,POT 9MM LINEAR PTH 1-GANG 6MM-SHAFT 1K,6,,,,BB_Potentiometers:Potentiometer_9MM,BlackBox:R_Potentiometer_US,PTH,Cermet,,
POT-0001-0002,,,,Rotary,2k,Linear,B2k,1,1,None,N/A,Top,POT 9MM LINEAR PTH 1-GANG 6MM-SHAFT 2K,6,,,,BB_Potentiometers:Potentiometer_9MM,BlackBox:R_Potentiometer_US,PTH,Cermet,,
POT-0001-0003,,,,Rotary,5k,Linear,B5k,1,1,None,N/A,Top,POT 9MM LINEAR PTH 1-GANG 6MM-SHAFT 5K,6,,,,BB_Potentiometers:Potentiometer_9MM,BlackBox:R_Potentiometer_US,PTH,Cermet,,
POT-0001-0004,,,,Rotary,10k,Linear,B10k,1,1,None,N/A,Top,POT 9MM LINEAR PTH 1-GANG 6MM-SHAFT 10K,6,,,,BB_Potentiometers:Potentiometer_9MM,BlackBox:R_Potentiometer_US,PTH,Cermet,,
POT-0001-0005,,,,Rotary,25k,Linear,B25k,1,1,None,N/A,Top,POT 9MM LINEAR PTH 1-GANG 6MM-SHAFT 25K,6,,,,BB_Potentiometers:Potentiometer_9MM,BlackBox:R_Potentiometer_US,PTH,Cermet,,
POT-0001-0006,,,,Rotary,50k,Linear,B50k,1,1,None,N/A,Top,POT 9MM LINEAR PTH 1-GANG 6MM-SHAFT 50K,6,,,,BB_Potentiometers:Potentiometer_9MM,BlackBox:R_Potentiometer_US,PTH,Cermet,,
POT-0001-0007,,,,Rotary,100k,Linear,B100k,1,1,None,N/A,Top,POT 9MM LINEAR PTH 1-GANG 6MM-SHAFT 100K,6,,,,BB_Potentiometers:Potentiometer_9MM,BlackBox:R_Potentiometer_US,PTH,Cermet,,
POT-0001-0008,,,,Rotary,250k,Linear,B250k,1,1,None,N/A,Top,POT 9MM LINEAR PTH 1-GANG 6MM-SHAFT 250K,6,,,,BB_Potentiometers:Potentiometer_9MM,BlackBox:R_Potentiometer_US,PTH,Cermet,,
POT-0001-0009,,,,Rotary,500k,Linear,B500k,1,1,None,N/A,Top,POT 9MM LINEAR PTH 1-GANG 6MM-SHAFT 500K,6,,,,BB_Potentiometers:Potentiometer_9MM,BlackBox:R_Potentiometer_US,PTH,Cermet,,
POT-0001-0010,,,,Rotary,1M,Linear,B1M,1,1,None,N/A,Top,POT 9MM LINEAR PTH 1-GANG 6MM-SHAFT 1M,6,,,,BB_Potentiometers:Potentiometer_9MM,BlackBox:R_Potentiometer_US,PTH,Cermet,,
POT-0001-0011,,,,Rotary,1k,Audio,A1k,1,1,None,N/A,Top,POT 9MM AUDIO PTH 1-GANG 6MM-SHAFT 1K,6,,,,BB_Potentiometers:Potentiometer_9MM,BlackBox:R_Potentiometer_US,PTH,Cermet,,
POT-0001-0012,,,,Rotary,2k,Audio,A2k,1,1,None,N/A,Top,POT 9MM AUDIO PTH 1-GANG 6MM-SHAFT 2K,6,,,,BB_Potentiometers:Potentiometer_9MM,BlackBox:R_Potentiometer_US,PTH,Cermet,,
POT-0001-0013,,,,Rotary,5k,Audio,A5k,1,1,None,N/A,Top,POT 9MM AUDIO PTH 1-GANG 6MM-SHAFT 5K,6,,,,BB_Potentiometers:Potentiometer_9MM,BlackBox:R_Potentiometer_US,PTH,Cermet,,
POT-0001-0014,,,,Rotary,10k,Audio,A10k,1,1,None,N/A,Top,POT 9MM AUDIO PTH 1-GANG 6MM-SHAFT 10K,6,,,,BB_Potentiometers:Potentiometer_9MM,BlackBox:R_Potentiometer_US,PTH,Cermet,,
POT-0001-0015,,,,Rotary,25k,Audio,A25k,1,1,None,N/A,Top,POT 9MM AUDIO PTH 1-GANG 6MM-SHAFT 25K,6,,,,BB_Potentiometers:Potentiometer_9MM,BlackBox:R_Potentiometer_US,PTH,Cermet,,
POT-0001-0016,,,,Rotary,50k,Audio,A50k,1,1,None,N/A,Top,POT 9MM AUDIO PTH 1-GANG 6MM-SHAFT 50K,6,,,,BB_Potentiometers:Potentiometer_9MM,BlackBox:R_Potentiometer_US,PTH,Cermet,,
POT-0001-0017,,,,Rotary,100k,Audio,A100k,1,1,None,N/A,Top,POT 9MM AUDIO PTH 1-GANG 6MM-SHAFT 100K,6,,,,BB_Potentiometers:Potentiometer_9MM,BlackBox:R_Potentiometer_US,PTH,Cermet,,
POT-0001-0018,,,,Rotary,250k,Audio,A250k,1,1,None,N/A,Top,POT 9MM AUDIO PTH 1-GANG 6MM-SHAFT 250K,6,,,,BB_Potentiometers:Potentiometer_9MM,BlackBox:R_Potentiometer_US,PTH,Cermet,,
POT-0001-0019,,,,Rotary,500k,Audio,A500k,1,1,None,N/A,Top,POT 9MM AUDIO PTH 1-GANG 6MM-SHAFT 500K,6,,,,BB_Potentiometers:Potentiometer_9MM,BlackBox:R_Potentiometer_US,PTH,Cermet,,
POT-0001-0020,,,,Rotary,1M,Audio,A1M,1,1,None,N/A,Top,POT 9MM AUDIO PTH 1-GANG 6MM-SHAFT 1M,6,,,,BB_Potentiometers:Potentiometer_9MM,BlackBox:R_Potentiometer_US,PTH,Cermet,,
POT-0001-0021,,,,Rotary,1k,Rev. Audio,C1k,1,1,None,N/A,Top,POT 9MM REV. AUDIO PTH 1-GANG 6MM-SHAFT 1K,6,,,,BB_Potentiometers:Potentiometer_9MM,BlackBox:R_Potentiometer_US,PTH,Cermet,,
POT-0001-0022,,,,Rotary,2k,Rev. Audio,C2k,1,1,None,N/A,Top,POT 9MM REV. AUDIO PTH 1-GANG 6MM-SHAFT 2K,6,,,,BB_Potentiometers:Potentiometer_9MM,BlackBox:R_Potentiometer_US,PTH,Cermet,,
POT-0001-0023,,,,Rotary,5k,Rev. Audio,C5k,1,1,None,N/A,Top,POT 9MM REV. AUDIO PTH 1-GANG 6MM-SHAFT 5K,6,,,,BB_Potentiometers:Potentiometer_9MM,BlackBox:R_Potentiometer_US,PTH,Cermet,,
POT-0001-0024,,,,Rotary,10k,Rev. Audio,C10k,1,1,None,N/A,Top,POT 9MM REV. AUDIO PTH 1-GANG 6MM-SHAFT 10K,6,,,,BB_Potentiometers:Potentiometer_9MM,BlackBox:R_Potentiometer_US,PTH,Cermet,,
POT-0001-0025,,,,Rotary,25k,Rev. Audio,C25k,1,1,None,N/A,Top,POT 9MM REV. AUDIO PTH 1-GANG 6MM-SHAFT 25K,6,,,,BB_Potentiometers:Potentiometer_9MM,BlackBox:R_Potentiometer_US,PTH,Cermet,,
POT-0001-0026,,,,Rotary,50k,Rev. Audio,C50k,1,1,None,N/A,Top,POT 9MM REV. AUDIO PTH 1-GANG 6MM-SHAFT 50K,6,,,,BB_Potentiometers:Potentiometer_9MM,BlackBox:R_Potentiometer_US,PTH,Cermet,,
POT-0001-0027,,,,Rotary,100k,Rev. Audio,C100k,1,1,None,N/A,Top,POT 9MM REV. AUDIO PTH 1-GANG 6MM-SHAFT 100K,6,,,,BB_Potentiometers:Potentiometer_9MM,BlackBox:R_Potentiometer_US,PTH,Cermet,,
POT-0001-0028,,,,Rotary,250k,Rev. Audio,C250k,1,1,None,N/A,Top,POT 9MM REV. AUDIO PTH 1-GANG 6MM-SHAFT 250K,6,,,,BB_Potentiometers:Potentiometer_9MM,BlackBox:R_Potentiometer_US,PTH,Cermet,,
POT-0001-0029,,,,Rotary,500k,Rev. Audio,C500k,1,1,None,N/A,Top,POT 9MM REV. AUDIO PTH 1-GANG 6MM-SHAFT 500K,6,,,,BB_Potentiometers:Potentiometer_9MM,BlackBox:R_Potentiometer_US,PTH,Cermet,,
POT-0001-0030,,,,Rotary,1M,Rev. Audio,C1M,1,1,None,N/A,Top,POT 9MM REV. AUDIO PTH 1-GANG 6MM-SHAFT 1M,6,,,,BB_Potentiometers:Potentiometer_9MM,BlackBox:R_Potentiometer_US,PTH,Cermet,,
POT-0002-0001,,,,Rotary,1k,Linear,B1k,1,1,None,N/A,Top,POT 9MM LINEAR PTH 1-GANG 6MM-SHAFT 1K,6,,,,BB_Potentiometers:Potentiometer_16MM,BlackBox:R_Potentiometer_US,PTH,Cermet,,
POT-0002-0002,,,,Rotary,2k,Linear,B2k,1,1,None,N/A,Top,POT 9MM LINEAR PTH 1-GANG 6MM-SHAFT 2K,6,,,,BB_Potentiometers:Potentiometer_16MM,BlackBox:R_Potentiometer_US,PTH,Cermet,,
POT-0002-0003,,,,Rotary,5k,Linear,B5k,1,1,None,N/A,Top,POT 9MM LINEAR PTH 1-GANG 6MM-SHAFT 5K,6,,,,BB_Potentiometers:Potentiometer_16MM,BlackBox:R_Potentiometer_US,PTH,Cermet,,
POT-0002-0004,,,,Rotary,10k,Linear,B10k,1,1,None,N/A,Top,POT 9MM LINEAR PTH 1-GANG 6MM-SHAFT 10K,6,,,,BB_Potentiometers:Potentiometer_16MM,BlackBox:R_Potentiometer_US,PTH,Cermet,,
POT-0002-0005,,,,Rotary,25k,Linear,B25k,1,1,None,N/A,Top,POT 9MM LINEAR PTH 1-GANG 6MM-SHAFT 25K,6,,,,BB_Potentiometers:Potentiometer_16MM,BlackBox:R_Potentiometer_US,PTH,Cermet,,
POT-0002-0006,,,,Rotary,50k,Linear,B50k,1,1,None,N/A,Top,POT 9MM LINEAR PTH 1-GANG 6MM-SHAFT 50K,6,,,,BB_Potentiometers:Potentiometer_16MM,BlackBox:R_Potentiometer_US,PTH,Cermet,,
POT-0002-0007,,,,Rotary,100k,Linear,B100k,1,1,None,N/A,Top,POT 9MM LINEAR PTH 1-GANG 6MM-SHAFT 100K,6,,,,BB_Potentiometers:Potentiometer_16MM,BlackBox:R_Potentiometer_US,PTH,Cermet,,
POT-0002-0008,,,,Rotary,250k,Linear,B250k,1,1,None,N/A,Top,POT 9MM LINEAR PTH 1-GANG 6MM-SHAFT 250K,6,,,,BB_Potentiometers:Potentiometer_16MM,BlackBox:R_Potentiometer_US,PTH,Cermet,,
POT-0002-0009,,,,Rotary,500k,Linear,B500k,1,1,None,N/A,Top,POT 9MM LINEAR PTH 1-GANG 6MM-SHAFT 500K,6,,,,BB_Potentiometers:Potentiometer_16MM,BlackBox:R_Potentiometer_US,PTH,Cermet,,
POT-0002-0010,,,,Rotary,1M,Linear,B1M,1,1,None,N/A,Top,POT 9MM LINEAR PTH 1-GANG 6MM-SHAFT 1M,6,,,,BB_Potentiometers:Potentiometer_16MM,BlackBox:R_Potentiometer_US,PTH,Cermet,,
POT-0002-0011,,,,Rotary,1k,Audio,A1k,1,1,None,N/A,Top,POT 9MM AUDIO PTH 1-GANG 6MM-SHAFT 1K,6,,,,BB_Potentiometers:Potentiometer_16MM,BlackBox:R_Potentiometer_US,PTH,Cermet,,
POT-0002-0012,,,,Rotary,2k,Audio,A2k,1,1,None,N/A,Top,POT 9MM AUDIO PTH 1-GANG 6MM-SHAFT 2K,6,,,,BB_Potentiometers:Potentiometer_16MM,BlackBox:R_Potentiometer_US,PTH,Cermet,,
POT-0002-0013,,,,Rotary,5k,Audio,A5k,1,1,None,N/A,Top,POT 9MM AUDIO PTH 1-GANG 6MM-SHAFT 5K,6,,,,BB_Potentiometers:Potentiometer_16MM,BlackBox:R_Potentiometer_US,PTH,Cermet,,
POT-0002-0014,,,,Rotary,10k,Audio,A10k,1,1,None,N/A,Top,POT 9MM AUDIO PTH 1-GANG 6MM-SHAFT 10K,6,,,,BB_Potentiometers:Potentiometer_16MM,BlackBox:R_Potentiometer_US,PTH,Cermet,,
POT-0002-0015,,,,Rotary,25k,Audio,A25k,1,1,None,N/A,Top,POT 9MM AUDIO PTH 1-GANG 6MM-SHAFT 25K,6,,,,BB_Potentiometers:Potentiometer_16MM,BlackBox:R_Potentiometer_US,PTH,Cermet,,
POT-0002-0016,,,,Rotary,50k,Audio,A50k,1,1,None,N/A,Top,POT 9MM AUDIO PTH 1-GANG 6MM-SHAFT 50K,6,,,,BB_Potentiometers:Potentiometer_16MM,BlackBox:R_Potentiometer_US,PTH,Cermet,,
POT-0002-0017,,,,Rotary,100k,Audio,A100k,1,1,None,N/A,Top,POT 9MM AUDIO PTH 1-GANG 6MM-SHAFT 100K,6,,,,BB_Potentiometers:Potentiometer_16MM,BlackBox:R_Potentiometer_US,PTH,Cermet,,
POT-0002-0018,,,,Rotary,250k,Audio,A250k,1,1,None,N/A,Top,POT 9MM AUDIO PTH 1-GANG 6MM-SHAFT 250K,6,,,,BB_Potentiometers:Potentiometer_16MM,BlackBox:R_Potentiometer_US,PTH,Cermet,,
POT-0002-0019,,,,Rotary,500k,Audio,A500k,1,1,None,N/A,Top,POT 9MM AUDIO PTH 1-GANG 6MM-SHAFT 500K,6,,,,BB_Potentiometers:Potentiometer_16MM,BlackBox:R_Potentiometer_US,PTH,Cermet,,
POT-0002-0020,,,,Rotary,1M,Audio,A1M,1,1,None,N/A,Top,POT 9MM AUDIO PTH 1-GANG 6MM-SHAFT 1M,6,,,,BB_Potentiometers:Potentiometer_16MM,BlackBox:R_Potentiometer_US,PTH,Cermet,,
POT-0002-0021,,,,Rotary,1k,Rev. Audio,C1k,1,1,None,N/A,Top,POT 9MM REV. AUDIO PTH 1-GANG 6MM-SHAFT 1K,6,,,,BB_Potentiometers:Potentiometer_16MM,BlackBox:R_Potentiometer_US,PTH,Cermet,,
POT-0002-0022,,,,Rotary,2k,Rev. Audio,C2k,1,1,None,N/A,Top,POT 9MM REV. AUDIO PTH 1-GANG 6MM-SHAFT 2K,6,,,,BB_Potentiometers:Potentiometer_16MM,BlackBox:R_Potentiometer_US,PTH,Cermet,,
POT-0002-0023,,,,Rotary,5k,Rev. Audio,C5k,1,1,None,N/A,Top,POT 9MM REV. AUDIO PTH 1-GANG 6MM-SHAFT 5K,6,,,,BB_Potentiometers:Potentiometer_16MM,BlackBox:R_Potentiometer_US,PTH,Cermet,,
POT-0002-0024,,,,Rotary,10k,Rev. Audio,C10k,1,1,None,N/A,Top,POT 9MM REV. AUDIO PTH 1-GANG 6MM-SHAFT 10K,6,,,,BB_Potentiometers:Potentiometer_16MM,BlackBox:R_Potentiometer_US,PTH,Cermet,,
POT-0002-0025,,,,Rotary,25k,Rev. Audio,C25k,1,1,None,N/A,Top,POT 9MM REV. AUDIO PTH 1-GANG 6MM-SHAFT 25K,6,,,,BB_Potentiometers:Potentiometer_16MM,BlackBox:R_Potentiometer_US,PTH,Cermet,,
POT-0002-0026,,,,Rotary,50k,Rev. Audio,C50k,1,1,None,N/A,Top,POT 9MM REV. AUDIO PTH 1-GANG 6MM-SHAFT 50K,6,,,,BB_Potentiometers:Potentiometer_16MM,BlackBox:R_Potentiometer_US,PTH,Cermet,,
POT-0002-0027,,,,Rotary,100k,Rev. Audio,C100k,1,1,None,N/A,Top,POT 9MM REV. AUDIO PTH 1-GANG 6MM-SHAFT 100K,6,,,,BB_Potentiometers:Potentiometer_16MM,BlackBox:R_Potentiometer_US,PTH,Cermet,,
POT-0002-0028,,,,Rotary,250k,Rev. Audio,C250k,1,1,None,N/A,Top,POT 9MM REV. AUDIO PTH 1-GANG 6MM-SHAFT 250K,6,,,,BB_Potentiometers:Potentiometer_16MM,BlackBox:R_Potentiometer_US,PTH,Cermet,,
POT-0002-0029,,,,Rotary,500k,Rev. Audio,C500k,1,1,None,N/A,Top,POT 9MM REV. AUDIO PTH 1-GANG 6MM-SHAFT 500K,6,,,,BB_Potentiometers:Potentiometer_16MM,BlackBox:R_Potentiometer_US,PTH,Cermet,,
POT-0002-0030,,,,Rotary,1M,Rev. Audio,C1M,1,1,None,N/A,Top,POT 9MM REV. AUDIO PTH 1-GANG 6MM-SHAFT 1M,6,,,,BB_Potentiometers:Potentiometer_16MM,BlackBox:R_Potentiometer_US,PTH,Cermet,,
POT-0005-0001,3362P-1-102LF,Bourns,3362P,Trimmer,1k,Linear,B1k,1,1,None,N/A,Top,POT TRIM LINEAR PTH 1-TURN TOP-ADJ 1K,N/A,6.6,7,4.9,BB_Potentiometers:Potentiometer_Bourns_3362P_Vertical,BlackBox:R_Potentiometer_Trim_US,PTH,Cermet,10%,https://www.bourns.com/docs/Product-Datasheets/3362.pdf
POT-0005-0002,3362P-1-202LF,Bourns,3362P,Trimmer,2k,Linear,B2k,1,1,None,N/A,Top,POT TRIM LINEAR PTH 1-TURN TOP-ADJ 2K,N/A,6.6,7,4.9,BB_Potentiometers:Potentiometer_Bourns_3362P_Vertical,BlackBox:R_Potentiometer_Trim_US,PTH,Cermet,10%,https://www.bourns.com/docs/Product-Datasheets/3362.pdf
POT-0005-0003,3362P-1-502LF,Bourns,3362P,Trimmer,5k,Linear,B5k,1,1,None,N/A,Top,POT TRIM LINEAR PTH 1-TURN TOP-ADJ 5K,N/A,6.6,7,4.9,BB_Potentiometers:Potentiometer_Bourns_3362P_Vertical,BlackBox:R_Potentiometer_Trim_US,PTH,Cermet,10%,https://www.bourns.com/docs/Product-Datasheets/3362.pdf
POT-0005-0004,3362P-1-103LF,Bourns,3362P,Trimmer,10k,Linear,B10k,1,1,None,N/A,Top,POT TRIM LINEAR PTH 1-TURN TOP-ADJ 10K,N/A,6.6,7,4.9,BB_Potentiometers:Potentiometer_Bourns_3362P_Vertical,BlackBox:R_Potentiometer_Trim_US,PTH,Cermet,10%,https://www.bourns.com/docs/Product-Datasheets/3362.pdf
POT-0005-0005,3362P-1-203LF,Bourns,3362P,Trimmer,20k,Linear,B20k,1,1,None,N/A,Top,POT TRIM LINEAR PTH 1-TURN TOP-ADJ 20K,N/A,6.6,7,4.9,BB_Potentiometers:Potentiometer_Bourns_3362P_Vertical,BlackBox:R_Potentiometer_Trim_US,PTH,Cermet,10%,https://www.bourns.com/docs/Product-Datasheets/3362.pdf
POT-0005-0006,3362P-1-503LF,Bourns,3362P,Trimmer,50k,Linear,B50k,1,1,None,N/A,Top,POT TRIM LINEAR PTH 1-TURN TOP-ADJ 50K,N/A,6.6,7,4.9,BB_Potentiometers:Potentiometer_Bourns_3362P_Vertical,BlackBox:R_Potentiometer_Trim_US,PTH,Cermet,10%,https://www.bourns.com/docs/Product-Datasheets/3362.pdf
POT-0005-0007,3362P-1-104LF,Bourns,3362P,Trimmer,100k,Linear,B100k,1,1,None,N/A,Top,POT TRIM LINEAR PTH 1-TURN TOP-ADJ 100K,N/A,6.6,7,4.9,BB_Potentiometers:Potentiometer_Bourns_3362P_Vertical,BlackBox:R_Potentiometer_Trim_US,PTH,Cermet,10%,https://www.bourns.com/docs/Product-Datasheets/3362.pdf
POT-0005-0008,3362P-1-204LF,Bourns,3362P,Trimmer,200k,Linear,B200k,1,1,None,N/A,Top,POT TRIM LINEAR PTH 1-TURN TOP-ADJ 200K,N/A,6.6,7,4.9,BB_Potentiometers:Potentiometer_Bourns_3362P_Vertical,BlackBox:R_Potentiometer_Trim_US,PTH,Cermet,10%,https://www.bourns.com/docs/Product-Datasheets/3362.pdf
POT-0005-0009,3362P-1-304LF,Bourns,3362P,Trimmer,500k,Linear,B500k,1,1,None,N/A,Top,POT TRIM LINEAR PTH 1-TURN TOP-ADJ 500K,N/A,6.6,7,4.9,BB_Potentiometers:Potentiometer_Bourns_3362P_Vertical,BlackBox:R_Potentiometer_Trim_US,PTH,Cermet,10%,https://www.bourns.com/docs/Product-Datasheets/3362.pdf
POT-0005-0010,3362P-1-105LF,Bourns,3362P,Trimmer,1M,Linear,B1M,1,1,None,N/A,Top,POT TRIM LINEAR PTH 1-TURN TOP-ADJ 1M,N/A,6.6,7,4.9,BB_Potentiometers:Potentiometer_Bourns_3362P_Vertical,BlackBox:R_Potentiometer_Trim_US,PTH,Cermet,10%,https://www.bourns.com/docs/Product-Datasheets/3362.pdf
POT-0006-0001,3362S-1-102LF,Bourns,3362S,Trimmer,1k,Linear,B1k,1,1,None,N/A,Side,POT TRIM LINEAR PTH 1-TURN SIDE-ADJ 1K,N/A,6.6,4.9,7,BB_Potentiometers:Potentiometer_Bourns_3362S_Horizontal,BlackBox:R_Potentiometer_Trim_US,PTH,Cermet,10%,https://www.bourns.com/docs/Product-Datasheets/3362.pdf
POT-0006-0002,3362S-1-202LF,Bourns,3362S,Trimmer,2k,Linear,B2k,1,1,None,N/A,Side,POT TRIM LINEAR PTH 1-TURN SIDE-ADJ 2K,N/A,6.6,4.9,7,BB_Potentiometers:Potentiometer_Bourns_3362S_Horizontal,BlackBox:R_Potentiometer_Trim_US,PTH,Cermet,10%,https://www.bourns.com/docs/Product-Datasheets/3362.pdf
POT-0006-0003,3362S-1-502LF,Bourns,3362S,Trimmer,5k,Linear,B5k,1,1,None,N/A,Side,POT TRIM LINEAR PTH 1-TURN SIDE-ADJ 5K,N/A,6.6,4.9,7,BB_Potentiometers:Potentiometer_Bourns_3362S_Horizontal,BlackBox:R_Potentiometer_Trim_US,PTH,Cermet,10%,https://www.bourns.com/docs/Product-Datasheets/3362.pdf
POT-0006-0004,3362S-1-103LF,Bourns,3362S,Trimmer,10k,Linear,B10k,1,1,None,N/A,Side,POT TRIM LINEAR PTH 1-TURN SIDE-ADJ 10K,N/A,6.6,4.9,7,BB_Potentiometers:Potentiometer_Bourns_3362S_Horizontal,BlackBox:R_Potentiometer_Trim_US,PTH,Cermet,10%,https://www.bourns.com/docs/Product-Datasheets/3362.pdf
POT-0006-0005,3362S-1-203LF,Bourns,3362S,Trimmer,20k,Linear,B20k,1,1,None,N/A,Side,POT TRIM LINEAR PTH 1-TURN SIDE-ADJ 20K,N/A,6.6,4.9,7,BB_Potentiometers:Potentiometer_Bourns_3362S_Horizontal,BlackBox:R_Potentiometer_Trim_US,PTH,Cermet,10%,https://www.bourns.com/docs/Product-Datasheets/3362.pdf
POT-0006-0006,3362S-1-503LF,Bourns,3362S,Trimmer,50k,Linear,B50k,1,1,None,N/A,Side,POT TRIM LINEAR PTH 1-TURN SIDE-ADJ 50K,N/A,6.6,4.9,7,BB_Potentiometers:Potentiometer_Bourns_3362S_Horizontal,BlackBox:R_Potentiometer_Trim_US,PTH,Cermet,10%,https://www.bourns.com/docs/Product-Datasheets/3362.pdf
POT-0006-0007,3362S-1-104LF,Bourns,3362S,Trimmer,100k,Linear,B100k,1,1,None,N/A,Side,POT TRIM LINEAR PTH 1-TURN SIDE-ADJ 100K,N/A,6.6,4.9,7,BB_Potentiometers:Potentiometer_Bourns_3362S_Horizontal,BlackBox:R_Potentiometer_Trim_US,PTH,Cermet,10%,https://www.bourns.com/docs/Product-Datasheets/3362.pdf
POT-0006-0008,3362S-1-204LF,Bourns,3362S,Trimmer,200k,Linear,B200k,1,1,None,N/A,Side,POT TRIM LINEAR PTH 1-TURN SIDE-ADJ 200K,N/A,6.6,4.9,7,BB_Potentiometers:Potentiometer_Bourns_3362S_Horizontal,BlackBox:R_Potentiometer_Trim_US,PTH,Cermet,10%,https://www.bourns.com/docs/Product-Datasheets/3362.pdf
POT-0006-0009,3362S-1-304LF,Bourns,3362S,Trimmer,500k,Linear,B500k,1,1,None,N/A,Side,POT TRIM LINEAR PTH 1-TURN SIDE-ADJ 500K,N/A,6.6,4.9,7,BB_Potentiometers:Potentiometer_Bourns_3362S_Horizontal,BlackBox:R_Potentiometer_Trim_US,PTH,Cermet,10%,https://www.bourns.com/docs/Product-Datasheets/3362.pdf
POT-0006-0010,3362S-1-105LF,Bourns,3362S,Trimmer,1M,Linear,B1M,1,1,None,N/A,Side,POT TRIM LINEAR PTH 1-TURN SIDE-ADJ 1M,N/A,6.6,4.9,7,BB_Potentiometers:Potentiometer_Bourns_3362S_Horizontal,BlackBox:R_Potentiometer_Trim_US,PTH,Cermet,10%,https://www.bourns.com/docs/Product-Datasheets/3362.pdf
POT-0003-0001,3361P-1-102GLF,Bourns,3361P,Trimmer,1k,Linear,B1k,1,1,None,N/A,Top,POT TRIM LINEAR SMD 1-TURN TOP-ADJ 1K,N/A,6.7,7,5.2,,BlackBox:R_Potentiometer_Trim_US,SMD,Cermet,10%,https://www.bourns.com/docs/Product-Datasheets/3361.pdf
POT-0003-0002,3361P-1-202GLF,Bourns,3361P,Trimmer,2k,Linear,B2k,1,1,None,N/A,Top,POT TRIM LINEAR SMD 1-TURN TOP-ADJ 2K,N/A,6.7,7,5.2,,BlackBox:R_Potentiometer_Trim_US,SMD,Cermet,10%,https://www.bourns.com/docs/Product-Datasheets/3361.pdf
POT-0003-0003,3361P-1-502GLF,Bourns,3361P,Trimmer,5k,Linear,B5k,1,1,None,N/A,Top,POT TRIM LINEAR SMD 1-TURN TOP-ADJ 5K,N/A,6.7,7,5.2,,BlackBox:R_Potentiometer_Trim_US,SMD,Cermet,10%,https://www.bourns.com/docs/Product-Datasheets/3361.pdf
POT-0003-0004,3361P-1-103GLF,Bourns,3361P,Trimmer,10k,Linear,B10k,1,1,None,N/A,Top,POT TRIM LINEAR SMD 1-TURN TOP-ADJ 10K,N/A,6.7,7,5.2,,BlackBox:R_Potentiometer_Trim_US,SMD,Cermet,10%,https://www.bourns.com/docs/Product-Datasheets/3361.pdf
POT-0003-0005,3361P-1-203GLF,Bourns,3361P,Trimmer,20k,Linear,B20k,1,1,None,N/A,Top,POT TRIM LINEAR SMD 1-TURN TOP-ADJ 20K,N/A,6.7,7,5.2,,BlackBox:R_Potentiometer_Trim_US,SMD,Cermet,10%,https://www.bourns.com/docs/Product-Datasheets/3361.pdf
POT-0003-0006,3361P-1-503GLF,Bourns,3361P,Trimmer,50k,Linear,B50k,1,1,None,N/A,Top,POT TRIM LINEAR SMD 1-TURN TOP-ADJ 50K,N/A,6.7,7,5.2,,BlackBox:R_Potentiometer_Trim_US,SMD,Cermet,10%,https://www.bourns.com/docs/Product-Datasheets/3361.pdf
POT-0003-0007,3361P-1-104GLF,Bourns,3361P,Trimmer,100k,Linear,B100k,1,1,None,N/A,Top,POT TRIM LINEAR SMD 1-TURN TOP-ADJ 100K,N/A,6.7,7,5.2,,BlackBox:R_Potentiometer_Trim_US,SMD,Cermet,10%,https://www.bourns.com/docs/Product-Datasheets/3361.pdf
POT-0003-0008,3361P-1-204GLF,Bourns,3361P,Trimmer,200k,Linear,B200k,1,1,None,N/A,Top,POT TRIM LINEAR SMD 1-TURN TOP-ADJ 200K,N/A,6.7,7,5.2,,BlackBox:R_Potentiometer_Trim_US,SMD,Cermet,10%,https://www.bourns.com/docs/Product-Datasheets/3361.pdf
POT-0003-0009,3361P-1-304GLF,Bourns,3361P,Trimmer,500k,Linear,B500k,1,1,None,N/A,Top,POT TRIM LINEAR SMD 1-TURN TOP-ADJ 500K,N/A,6.7,7,5.2,,BlackBox:R_Potentiometer_Trim_US,SMD,Cermet,10%,https://www.bourns.com/docs/Product-Datasheets/3361.pdf
POT-0003-0010,3361P-1-105GLF,Bourns,3361P,Trimmer,1M,Linear,B1M,1,1,None,N/A,Top,POT TRIM LINEAR SMD 1-TURN TOP-ADJ 1M,N/A,6.7,7,5.2,,BlackBox:R_Potentiometer_Trim_US,SMD,Cermet,10%,https://www.bourns.com/docs/Product-Datasheets/3361.pdf
POT-0004-0001,3361S-1-102GLF,Bourns,3361S,Trimmer,1k,Linear,B1k,1,1,None,N/A,Side,POT TRIM LINEAR SMD 1-TURN SIDE-ADJ 1K,N/A,6.7,4.9,7.4,,BlackBox:R_Potentiometer_Trim_US,SMD,Cermet,10%,https://www.bourns.com/docs/Product-Datasheets/3361.pdf
POT-0004-0002,3361S-1-202GLF,Bourns,3361S,Trimmer,2k,Linear,B2k,1,1,None,N/A,Side,POT TRIM LINEAR SMD 1-TURN SIDE-ADJ 2K,N/A,6.7,4.9,7.4,,BlackBox:R_Potentiometer_Trim_US,SMD,Cermet,10%,https://www.bourns.com/docs/Product-Datasheets/3361.pdf
POT-0004-0003,3361S-1-502GLF,Bourns,3361S,Trimmer,5k,Linear,B5k,1,1,None,N/A,Side,POT TRIM LINEAR SMD 1-TURN SIDE-ADJ 5K,N/A,6.7,4.9,7.4,,BlackBox:R_Potentiometer_Trim_US,SMD,Cermet,10%,https://www.bourns.com/docs/Product-Datasheets/3361.pdf
POT-0004-0004,3361S-1-103GLF,Bourns,3361S,Trimmer,10k,Linear,B10k,1,1,None,N/A,Side,POT TRIM LINEAR SMD 1-TURN SIDE-ADJ 10K,N/A,6.7,4.9,7.4,,BlackBox:R_Potentiometer_Trim_US,SMD,Cermet,10%,https://www.bourns.com/docs/Product-Datasheets/3361.pdf
POT-0004-0005,3361S-1-203GLF,Bourns,3361S,Trimmer,20k,Linear,B20k,1,1,None,N/A,Side,POT TRIM LINEAR SMD 1-TURN SIDE-ADJ 20K,N/A,6.7,4.9,7.4,,BlackBox:R_Potentiometer_Trim_US,SMD,Cermet,10%,https://www.bourns.com/docs/Product-Datasheets/3361.pdf
POT-0004-0006,3361S-1-503GLF,Bourns,3361S,Trimmer,50k,Linear,B50k,1,1,None,N/A,Side,POT TRIM LINEAR SMD 1-TURN SIDE-ADJ 50K,N/A,6.7,4.9,7.4,,BlackBox:R_Potentiometer_Trim_US,SMD,Cermet,10%,https://www.bourns.com/docs/Product-Datasheets/3361.pdf
POT-0004-0007,3361S-1-104GLF,Bourns,3361S,Trimmer,100k,Linear,B100k,1,1,None,N/A,Side,POT TRIM LINEAR SMD 1-TURN SIDE-ADJ 100K,N/A,6.7,4.9,7.4,,BlackBox:R_Potentiometer_Trim_US,SMD,Cermet,10%,https://www.bourns.com/docs/Product-Datasheets/3361.pdf
POT-0004-0008,3361S-1-204GLF,Bourns,3361S,Trimmer,200k,Linear,B200k,1,1,None,N/A,Side,POT TRIM LINEAR SMD 1-TURN SIDE-ADJ 200K,N/A,6.7,4.9,7.4,,BlackBox:R_Potentiometer_Trim_US,SMD,Cermet,10%,https://www.bourns.com/docs/Product-Datasheets/3361.pdf
POT-0004-0009,3361S-1-304GLF,Bourns,3361S,Trimmer,500k,Linear,B500k,1,1,None,N/A,Side,POT TRIM LINEAR SMD 1-TURN SIDE-ADJ 500K,N/A,6.7,4.9,7.4,,BlackBox:R_Potentiometer_Trim_US,SMD,Cermet,10%,https://www.bourns.com/docs/Product-Datasheets/3361.pdf
POT-0004-0010,3361S-1-105GLF,Bourns,3361S,Trimmer,1M,Linear,B1M,1,1,None,N/A,Side,POT TRIM LINEAR SMD 1-TURN SIDE-ADJ 1M,N/A,6.7,4.9,7.4,,BlackBox:R_Potentiometer_Trim_US,SMD,Cermet,10%,https://www.bourns.com/docs/Product-Datasheets/3361.pdf
POT-0007-0001,3214X-1-102E,Bourns,3214G,Trimmer,1k,Linear,B1k,5,1,None,N/A,Side,POT TRIM LINEAR SMD 5-TURN SIDE-ADJ 1K,N/A,4.8,4.6,3.9,BB_Potentiometers:Potentiometer_Bourns_3214X_Vertical,BlackBox:R_Potentiometer_Trim_US,SMD,Cermet,10%,https://www.bourns.com/docs/Product-Datasheets/3214.pdf
POT-0007-0002,3214X-1-202E,Bourns,3214G,Trimmer,2k,Linear,B2k,5,1,None,N/A,Side,POT TRIM LINEAR SMD 5-TURN SIDE-ADJ 2K,N/A,4.8,4.6,3.9,BB_Potentiometers:Potentiometer_Bourns_3214X_Vertical,BlackBox:R_Potentiometer_Trim_US,SMD,Cermet,10%,https://www.bourns.com/docs/Product-Datasheets/3214.pdf
POT-0007-0003,3214X-1-502E,Bourns,3214G,Trimmer,5k,Linear,B5k,5,1,None,N/A,Side,POT TRIM LINEAR SMD 5-TURN SIDE-ADJ 5K,N/A,4.8,4.6,3.9,BB_Potentiometers:Potentiometer_Bourns_3214X_Vertical,BlackBox:R_Potentiometer_Trim_US,SMD,Cermet,10%,https://www.bourns.com/docs/Product-Datasheets/3214.pdf
POT-0007-0004,3214X-1-103E,Bourns,3214G,Trimmer,10k,Linear,B10k,5,1,None,N/A,Side,POT TRIM LINEAR SMD 5-TURN SIDE-ADJ 10K,N/A,4.8,4.6,3.9,BB_Potentiometers:Potentiometer_Bourns_3214X_Vertical,BlackBox:R_Potentiometer_Trim_US,SMD,Cermet,10%,https://www.bourns.com/docs/Product-Datasheets/3214.pdf
POT-0007-0005,3214X-1-203E,Bourns,3214G,Trimmer,20k,Linear,B20k,5,1,None,N/A,Side,POT TRIM LINEAR SMD 5-TURN SIDE-ADJ 20K,N/A,4.8,4.6,3.9,BB_Potentiometers:Potentiometer_Bourns_3214X_Vertical,BlackBox:R_Potentiometer_Trim_US,SMD,Cermet,10%,https://www.bourns.com/docs/Product-Datasheets/3214.pdf
POT-0007-0006,3214X-1-503E,Bourns,3214G,Trimmer,50k,Linear,B50k,5,1,None,N/A,Side,POT TRIM LINEAR SMD 5-TURN SIDE-ADJ 50K,N/A,4.8,4.6,3.9,BB_Potentiometers:Potentiometer_Bourns_3214X_Vertical,BlackBox:R_Potentiometer_Trim_US,SMD,Cermet,10%,https://www.bourns.com/docs/Product-Datasheets/3214.pdf
POT-0007-0007,3214X-1-104E,Bourns,3214G,Trimmer,100k,Linear,B100k,5,1,None,N/A,Side,POT TRIM LINEAR SMD 5-TURN SIDE-ADJ 100K,N/A,4.8,4.6,3.9,BB_Potentiometers:Potentiometer_Bourns_3214X_Vertical,BlackBox:R_Potentiometer_Trim_US,SMD,Cermet,10%,https://www.bourns.com/docs/Product-Datasheets/3214.pdf
POT-0007-0008,3214X-1-204E,Bourns,3214G,Trimmer,200k,Linear,B200k,5,1,None,N/A,Side,POT TRIM LINEAR SMD 5-TURN SIDE-ADJ 200K,N/A,4.8,4.6,3.9,BB_Potentiometers:Potentiometer_Bourns_3214X_Vertical,BlackBox:R_Potentiometer_Trim_US,SMD,Cermet,10%,https://www.bourns.com/docs/Product-Datasheets/3214.pdf
POT-0007-0009,3214X-1-304E,Bourns,3214G,Trimmer,500k,Linear,B500k,5,1,None,N/A,Side,POT TRIM LINEAR SMD 5-TURN SIDE-ADJ 500K,N/A,4.8,4.6,3.9,BB_Potentiometers:Potentiometer_Bourns_3214X_Vertical,BlackBox:R_Potentiometer_Trim_US,SMD,Cermet,10%,https://www.bourns.com/docs/Product-Datasheets/3214.pdf
POT-0007-0010,3214X-1-105E,Bourns,3214G,Trimmer,1M,Linear,B1M,5,1,None,N/A,Side,POT TRIM LINEAR SMD 5-TURN SIDE-ADJ 1M,N/A,4.8,4.6,3.9,BB_Potentiometers:Potentiometer_Bourns_3214X_Vertical,BlackBox:R_Potentiometer_Trim_US,SMD,Cermet,10%,https://www.bourns.com/docs/Product-Datasheets/3214.pdf
POT-0008-0001,3214G-1-102E,Bourns,3214X,Trimmer,1k,Linear,B1k,5,1,None,N/A,Top,POT TRIM LINEAR SMD 5-TURN TOP-ADJ 1K,N/A,4.8,3.5,5.1,BB_Potentiometers:Potentiometer_Bourns_3214G_Horizontal,BlackBox:R_Potentiometer_Trim_US,SMD,Cermet,10%,https://www.bourns.com/docs/Product-Datasheets/3214.pdf
POT-0008-0002,3214G-1-202E,Bourns,3214X,Trimmer,2k,Linear,B2k,5,1,None,N/A,Top,POT TRIM LINEAR SMD 5-TURN TOP-ADJ 2K,N/A,4.8,3.5,5.1,BB_Potentiometers:Potentiometer_Bourns_3214G_Horizontal,BlackBox:R_Potentiometer_Trim_US,SMD,Cermet,10%,https://www.bourns.com/docs/Product-Datasheets/3214.pdf
POT-0008-0003,3214G-1-502E,Bourns,3214X,Trimmer,5k,Linear,B5k,5,1,None,N/A,Top,POT TRIM LINEAR SMD 5-TURN TOP-ADJ 5K,N/A,4.8,3.5,5.1,BB_Potentiometers:Potentiometer_Bourns_3214G_Horizontal,BlackBox:R_Potentiometer_Trim_US,SMD,Cermet,10%,https://www.bourns.com/docs/Product-Datasheets/3214.pdf
POT-0008-0004,3214G-1-103E,Bourns,3214X,Trimmer,10k,Linear,B10k,5,1,None,N/A,Top,POT TRIM LINEAR SMD 5-TURN TOP-ADJ 10K,N/A,4.8,3.5,5.1,BB_Potentiometers:Potentiometer_Bourns_3214G_Horizontal,BlackBox:R_Potentiometer_Trim_US,SMD,Cermet,10%,https://www.bourns.com/docs/Product-Datasheets/3214.pdf
POT-0008-0005,3214G-1-203E,Bourns,3214X,Trimmer,20k,Linear,B20k,5,1,None,N/A,Top,POT TRIM LINEAR SMD 5-TURN TOP-ADJ 20K,N/A,4.8,3.5,5.1,BB_Potentiometers:Potentiometer_Bourns_3214G_Horizontal,BlackBox:R_Potentiometer_Trim_US,SMD,Cermet,10%,https://www.bourns.com/docs/Product-Datasheets/3214.pdf
POT-0008-0006,3214G-1-503E,Bourns,3214X,Trimmer,50k,Linear,B50k,5,1,None,N/A,Top,POT TRIM LINEAR SMD 5-TURN TOP-ADJ 50K,N/A,4.8,3.5,5.1,BB_Potentiometers:Potentiometer_Bourns_3214G_Horizontal,BlackBox:R_Potentiometer_Trim_US,SMD,Cermet,10%,https://www.bourns.com/docs/Product-Datasheets/3214.pdf
POT-0008-0007,3214G-1-104E,Bourns,3214X,Trimmer,100k,Linear,B100k,5,1,None,N/A,Top,POT TRIM LINEAR SMD 5-TURN TOP-ADJ 100K,N/A,4.8,3.5,5.1,BB_Potentiometers:Potentiometer_Bourns_3214G_Horizontal,BlackBox:R_Potentiometer_Trim_US,SMD,Cermet,10%,https://www.bourns.com/docs/Product-Datasheets/3214.pdf
POT-0008-0008,3214G-1-204E,Bourns,3214X,Trimmer,200k,Linear,B200k,5,1,None,N/A,Top,POT TRIM LINEAR SMD 5-TURN TOP-ADJ 200K,N/A,4.8,3.5,5.1,BB_Potentiometers:Potentiometer_Bourns_3214G_Horizontal,BlackBox:R_Potentiometer_Trim_US,SMD,Cermet,10%,https://www.bourns.com/docs/Product-Datasheets/3214.pdf
POT-0008-0009,3214G-1-304E,Bourns,3214X,Trimmer,500k,Linear,B500k,5,1,None,N/A,Top,POT TRIM LINEAR SMD 5-TURN TOP-ADJ 500K,N/A,4.8,3.5,5.1,BB_Potentiometers:Potentiometer_Bourns_3214G_Horizontal,BlackBox:R_Potentiometer_Trim_US,SMD,Cermet,10%,https://www.bourns.com/docs/Product-Datasheets/3214.pdf
POT-0008-0010,3214G-1-105E,Bourns,3214X,Trimmer,1M,Linear,B1M,5,1,None,N/A,Top,POT TRIM LINEAR SMD 5-TURN TOP-ADJ 1M,N/A,4.8,3.5,5.1,BB_Potentiometers:Potentiometer_Bourns_3214G_Horizontal,BlackBox:R_Potentiometer_Trim_US,SMD,Cermet,10%,https://www.bourns.com/docs/Product-Datasheets/3214.pdf
